1,fanbingbing,9131
10,fanbingbing,9131
101,fanbingbing,9131
102,fanbingbing,9131
103,fanbingbing,9131
104,fanbingbing,9131
105,fanbingbing,9131
106,fanbingbing,9131
108,fanbingbing,9131
109,fanbingbing,9131
11,fanbingbing,9131
110,fanbingbing,9131
111,fanbingbing,9131
112,fanbingbing,9131
114,fanbingbing,9131
115,fanbingbing,9131
118,fanbingbing,9131
119,fanbingbing,9131
12,fanbingbing,9131
120,fanbingbing,9131
121,fanbingbing,9131
122,fanbingbing,9131
123,fanbingbing,9131
124,fanbingbing,9131
125,fanbingbing,9131
126,fanbingbing,9131
127,fanbingbing,9131
128,fanbingbing,9131
129,fanbingbing,9131
13,fanbingbing,9131
130,fanbingbing,9131
132,fanbingbing,9131
133,fanbingbing,9131
134,fanbingbing,9131
135,fanbingbing,9131
136,fanbingbing,9131
138,fanbingbing,9131
14,fanbingbing,9131
140,fanbingbing,9131
141,fanbingbing,9131
142,fanbingbing,9131
143,fanbingbing,9131
144,fanbingbing,9131
145,fanbingbing,9131
146,fanbingbing,9131
147,fanbingbing,9131
149,fanbingbing,9131
150,fanbingbing,9131
151,fanbingbing,9131
152,fanbingbing,9131
153,fanbingbing,9131
154,fanbingbing,9131
155,fanbingbing,9131
156,fanbingbing,9131
157,fanbingbing,9131
158,fanbingbing,9131
159,fanbingbing,9131
16,fanbingbing,9131
160,fanbingbing,9131
161,fanbingbing,9131
162,fanbingbing,9131
163,fanbingbing,9131
165,fanbingbing,9131
166,fanbingbing,9131
167,fanbingbing,9131
168,fanbingbing,9131
169,fanbingbing,9131
17,fanbingbing,9131
170,fanbingbing,9131
171,fanbingbing,9131
174,fanbingbing,9131
175,fanbingbing,9131
176,fanbingbing,9131
177,fanbingbing,9131
178,fanbingbing,9131
18,fanbingbing,9131
180,fanbingbing,9131
182,fanbingbing,9131
183,fanbingbing,9131
184,fanbingbing,9131
185,fanbingbing,9131
186,fanbingbing,9131
187,fanbingbing,9131
188,fanbingbing,9131
189,fanbingbing,9131
19,fanbingbing,9131
191,fanbingbing,9131
193,fanbingbing,9131
195,fanbingbing,9131
197,fanbingbing,9131
198,fanbingbing,9131
2,fanbingbing,9131
20,fanbingbing,9131
200,fanbingbing,9131
203,fanbingbing,9131
205,fanbingbing,9131
206,fanbingbing,9131
207,fanbingbing,9131
209,fanbingbing,9131
21,fanbingbing,9131
23,fanbingbing,9131
24,fanbingbing,9131
25,fanbingbing,9131
26,fanbingbing,9131
28,fanbingbing,9131
29,fanbingbing,9131
3,fanbingbing,9131
30,fanbingbing,9131
31,fanbingbing,9131
32,fanbingbing,9131
35,fanbingbing,9131
36,fanbingbing,9131
37,fanbingbing,9131
38,fanbingbing,9131
39,fanbingbing,9131
3d5855b0-ea50-11e9-bb89-b025aa21b04b,fanbingbing,9131
3dd5a692-ea51-11e9-91e9-b025aa21b04b,fanbingbing,9131
3dfe6440-ea51-11e9-bc4f-b025aa21b04b,fanbingbing,9131
3e39dc12-ea50-11e9-88fe-b025aa21b04b,fanbingbing,9131
3e7a7212-ea51-11e9-9c46-b025aa21b04b,fanbingbing,9131
3eb52692-ea50-11e9-bf07-b025aa21b04b,fanbingbing,9131
3f823a92-ea50-11e9-a393-b025aa21b04b,fanbingbing,9131
3fc5fa52-ea50-11e9-ae94-b025aa21b04b,fanbingbing,9131
4,fanbingbing,9131
40,fanbingbing,9131
4015a0f0-ea50-11e9-a9c7-b025aa21b04b,fanbingbing,9131
4035fa30-ea50-11e9-b2b7-b025aa21b04b,fanbingbing,9131
405960b0-ea50-11e9-b12c-b025aa21b04b,fanbingbing,9131
408a82d2-ea50-11e9-9a65-b025aa21b04b,fanbingbing,9131
41,fanbingbing,9131
4166b200-ea50-11e9-9c99-b025aa21b04b,fanbingbing,9131
41afc8f0-ea50-11e9-9de0-b025aa21b04b,fanbingbing,9131
41c6ac52-ea50-11e9-81a8-b025aa21b04b,fanbingbing,9131
42,fanbingbing,9131
43,fanbingbing,9131
44,fanbingbing,9131
46,fanbingbing,9131
47,fanbingbing,9131
48,fanbingbing,9131
49,fanbingbing,9131
5,fanbingbing,9131
50,fanbingbing,9131
51,fanbingbing,9131
52,fanbingbing,9131
53,fanbingbing,9131
54,fanbingbing,9131
54e22ee2-ea50-11e9-9ba8-b025aa21b04b,fanbingbing,9131
55,fanbingbing,9131
55183300-ea50-11e9-922a-b025aa21b04b,fanbingbing,9131
56,fanbingbing,9131
57,fanbingbing,9131
58,fanbingbing,9131
59,fanbingbing,9131
6,fanbingbing,9131
60,fanbingbing,9131
61,fanbingbing,9131
62,fanbingbing,9131
63,fanbingbing,9131
64,fanbingbing,9131
65,fanbingbing,9131
66,fanbingbing,9131
67,fanbingbing,9131
68,fanbingbing,9131
69,fanbingbing,9131
7,fanbingbing,9131
70,fanbingbing,9131
71,fanbingbing,9131
72,fanbingbing,9131
73,fanbingbing,9131
75,fanbingbing,9131
76,fanbingbing,9131
77,fanbingbing,9131
78,fanbingbing,9131
79,fanbingbing,9131
8,fanbingbing,9131
80,fanbingbing,9131
81,fanbingbing,9131
82,fanbingbing,9131
83,fanbingbing,9131
84,fanbingbing,9131
86,fanbingbing,9131
87,fanbingbing,9131
88,fanbingbing,9131
89,fanbingbing,9131
90,fanbingbing,9131
91,fanbingbing,9131
92,fanbingbing,9131
93,fanbingbing,9131
94,fanbingbing,9131
95,fanbingbing,9131
96,fanbingbing,9131
97,fanbingbing,9131
98,fanbingbing,9131
99,fanbingbing,9131
1,jiangwen,9132
10,jiangwen,9132
11,jiangwen,9132
12,jiangwen,9132
13,jiangwen,9132
14,jiangwen,9132
15,jiangwen,9132
17,jiangwen,9132
18,jiangwen,9132
19,jiangwen,9132
2,jiangwen,9132
20,jiangwen,9132
21,jiangwen,9132
22,jiangwen,9132
23,jiangwen,9132
24,jiangwen,9132
25,jiangwen,9132
26,jiangwen,9132
27,jiangwen,9132
28,jiangwen,9132
29,jiangwen,9132
3,jiangwen,9132
30,jiangwen,9132
31,jiangwen,9132
32,jiangwen,9132
33,jiangwen,9132
35,jiangwen,9132
36,jiangwen,9132
37,jiangwen,9132
38,jiangwen,9132
39,jiangwen,9132
4,jiangwen,9132
40,jiangwen,9132
41,jiangwen,9132
42,jiangwen,9132
43,jiangwen,9132
44,jiangwen,9132
45,jiangwen,9132
46,jiangwen,9132
47,jiangwen,9132
48,jiangwen,9132
49,jiangwen,9132
5,jiangwen,9132
50,jiangwen,9132
51,jiangwen,9132
52,jiangwen,9132
53,jiangwen,9132
55,jiangwen,9132
56,jiangwen,9132
57,jiangwen,9132
58,jiangwen,9132
59,jiangwen,9132
6,jiangwen,9132
60,jiangwen,9132
61,jiangwen,9132
62,jiangwen,9132
63,jiangwen,9132
7,jiangwen,9132
8,jiangwen,9132
9,jiangwen,9132
1,liangjiahui,9133
10,liangjiahui,9133
100,liangjiahui,9133
101,liangjiahui,9133
102,liangjiahui,9133
103,liangjiahui,9133
104,liangjiahui,9133
106,liangjiahui,9133
107,liangjiahui,9133
108,liangjiahui,9133
109,liangjiahui,9133
11,liangjiahui,9133
110,liangjiahui,9133
111,liangjiahui,9133
112,liangjiahui,9133
113,liangjiahui,9133
114,liangjiahui,9133
115,liangjiahui,9133
116,liangjiahui,9133
117,liangjiahui,9133
118,liangjiahui,9133
119,liangjiahui,9133
12,liangjiahui,9133
13,liangjiahui,9133
130,liangjiahui,9133
149,liangjiahui,9133
15,liangjiahui,9133
150,liangjiahui,9133
16,liangjiahui,9133
161,liangjiahui,9133
17,liangjiahui,9133
18,liangjiahui,9133
19,liangjiahui,9133
2,liangjiahui,9133
20,liangjiahui,9133
21,liangjiahui,9133
219e7c80-ea52-11e9-a6d3-b025aa21b04b,liangjiahui,9133
22,liangjiahui,9133
22127400-ea52-11e9-b25b-b025aa21b04b,liangjiahui,9133
22635322-ea52-11e9-ac82-b025aa21b04b,liangjiahui,9133
23,liangjiahui,9133
24,liangjiahui,9133
25,liangjiahui,9133
26,liangjiahui,9133
27,liangjiahui,9133
28,liangjiahui,9133
29,liangjiahui,9133
3,liangjiahui,9133
30,liangjiahui,9133
31,liangjiahui,9133
312e6752-ea52-11e9-a61e-b025aa21b04b,liangjiahui,9133
32,liangjiahui,9133
33,liangjiahui,9133
33215db0-ea52-11e9-bbd0-b025aa21b04b,liangjiahui,9133
34,liangjiahui,9133
35,liangjiahui,9133
36,liangjiahui,9133
37,liangjiahui,9133
38,liangjiahui,9133
39,liangjiahui,9133
4,liangjiahui,9133
40,liangjiahui,9133
41,liangjiahui,9133
42,liangjiahui,9133
43,liangjiahui,9133
44,liangjiahui,9133
45,liangjiahui,9133
46,liangjiahui,9133
47,liangjiahui,9133
48,liangjiahui,9133
49,liangjiahui,9133
5,liangjiahui,9133
50,liangjiahui,9133
51,liangjiahui,9133
52,liangjiahui,9133
53,liangjiahui,9133
54,liangjiahui,9133
55,liangjiahui,9133
56,liangjiahui,9133
57,liangjiahui,9133
58,liangjiahui,9133
59,liangjiahui,9133
6,liangjiahui,9133
60,liangjiahui,9133
61,liangjiahui,9133
62,liangjiahui,9133
63,liangjiahui,9133
64,liangjiahui,9133
65,liangjiahui,9133
66,liangjiahui,9133
67,liangjiahui,9133
68,liangjiahui,9133
69,liangjiahui,9133
7,liangjiahui,9133
70,liangjiahui,9133
71,liangjiahui,9133
72,liangjiahui,9133
73,liangjiahui,9133
74,liangjiahui,9133
75,liangjiahui,9133
76,liangjiahui,9133
77,liangjiahui,9133
78,liangjiahui,9133
8,liangjiahui,9133
80,liangjiahui,9133
82,liangjiahui,9133
83,liangjiahui,9133
84,liangjiahui,9133
85,liangjiahui,9133
86,liangjiahui,9133
87,liangjiahui,9133
88,liangjiahui,9133
89,liangjiahui,9133
9,liangjiahui,9133
90,liangjiahui,9133
91,liangjiahui,9133
92,liangjiahui,9133
93,liangjiahui,9133
94,liangjiahui,9133
95,liangjiahui,9133
96,liangjiahui,9133
97,liangjiahui,9133
99,liangjiahui,9133
微信截图_20191012132548,liangjiahui,9133
微信截图_20191012132555,liangjiahui,9133
微信截图_20191012132655,liangjiahui,9133
微信截图_20191012132912,liangjiahui,9133
微信截图_20191012133150,liangjiahui,9133
1,liudehua,9134
10,liudehua,9134
11,liudehua,9134
12,liudehua,9134
13,liudehua,9134
14,liudehua,9134
15,liudehua,9134
16,liudehua,9134
17,liudehua,9134
19,liudehua,9134
2,liudehua,9134
20,liudehua,9134
21,liudehua,9134
22,liudehua,9134
23,liudehua,9134
24,liudehua,9134
25,liudehua,9134
26,liudehua,9134
27,liudehua,9134
28,liudehua,9134
29,liudehua,9134
30,liudehua,9134
32,liudehua,9134
33,liudehua,9134
34,liudehua,9134
35,liudehua,9134
36,liudehua,9134
37,liudehua,9134
38,liudehua,9134
39,liudehua,9134
4,liudehua,9134
40,liudehua,9134
41,liudehua,9134
42,liudehua,9134
43,liudehua,9134
44,liudehua,9134
45,liudehua,9134
46,liudehua,9134
47,liudehua,9134
48,liudehua,9134
49,liudehua,9134
5,liudehua,9134
50,liudehua,9134
51,liudehua,9134
52,liudehua,9134
53,liudehua,9134
54,liudehua,9134
55,liudehua,9134
56,liudehua,9134
57,liudehua,9134
6,liudehua,9134
7,liudehua,9134
8,liudehua,9134
9,liudehua,9134
1,liuyifei,9135
10,liuyifei,9135
100,liuyifei,9135
101,liuyifei,9135
102,liuyifei,9135
103,liuyifei,9135
104,liuyifei,9135
105,liuyifei,9135
106,liuyifei,9135
107,liuyifei,9135
108,liuyifei,9135
109,liuyifei,9135
11,liuyifei,9135
110,liuyifei,9135
111,liuyifei,9135
112,liuyifei,9135
113,liuyifei,9135
114,liuyifei,9135
115,liuyifei,9135
116,liuyifei,9135
117,liuyifei,9135
118,liuyifei,9135
119,liuyifei,9135
12,liuyifei,9135
120,liuyifei,9135
121,liuyifei,9135
122,liuyifei,9135
123,liuyifei,9135
124,liuyifei,9135
125,liuyifei,9135
126,liuyifei,9135
127,liuyifei,9135
128,liuyifei,9135
129,liuyifei,9135
13,liuyifei,9135
130,liuyifei,9135
131,liuyifei,9135
132,liuyifei,9135
133,liuyifei,9135
134,liuyifei,9135
135,liuyifei,9135
136,liuyifei,9135
137,liuyifei,9135
138,liuyifei,9135
139,liuyifei,9135
14,liuyifei,9135
140,liuyifei,9135
141,liuyifei,9135
142,liuyifei,9135
143,liuyifei,9135
144,liuyifei,9135
145,liuyifei,9135
146,liuyifei,9135
147,liuyifei,9135
148,liuyifei,9135
149,liuyifei,9135
15,liuyifei,9135
150,liuyifei,9135
151,liuyifei,9135
152,liuyifei,9135
153,liuyifei,9135
154,liuyifei,9135
155,liuyifei,9135
156,liuyifei,9135
157,liuyifei,9135
158,liuyifei,9135
159,liuyifei,9135
16,liuyifei,9135
160,liuyifei,9135
161,liuyifei,9135
162,liuyifei,9135
163,liuyifei,9135
164,liuyifei,9135
165,liuyifei,9135
166,liuyifei,9135
167,liuyifei,9135
168,liuyifei,9135
169,liuyifei,9135
17,liuyifei,9135
170,liuyifei,9135
171,liuyifei,9135
172,liuyifei,9135
173,liuyifei,9135
174,liuyifei,9135
175,liuyifei,9135
176,liuyifei,9135
177,liuyifei,9135
178,liuyifei,9135
179,liuyifei,9135
18,liuyifei,9135
180,liuyifei,9135
181,liuyifei,9135
182,liuyifei,9135
183,liuyifei,9135
184,liuyifei,9135
185,liuyifei,9135
186,liuyifei,9135
187,liuyifei,9135
188,liuyifei,9135
189,liuyifei,9135
19,liuyifei,9135
190,liuyifei,9135
191,liuyifei,9135
192,liuyifei,9135
193,liuyifei,9135
194,liuyifei,9135
195,liuyifei,9135
196,liuyifei,9135
197,liuyifei,9135
198,liuyifei,9135
199,liuyifei,9135
2,liuyifei,9135
20,liuyifei,9135
201,liuyifei,9135
202,liuyifei,9135
203,liuyifei,9135
204,liuyifei,9135
205,liuyifei,9135
206,liuyifei,9135
207,liuyifei,9135
208,liuyifei,9135
209,liuyifei,9135
21,liuyifei,9135
210,liuyifei,9135
211,liuyifei,9135
212,liuyifei,9135
213,liuyifei,9135
214,liuyifei,9135
215,liuyifei,9135
216,liuyifei,9135
217,liuyifei,9135
218,liuyifei,9135
219,liuyifei,9135
22,liuyifei,9135
220,liuyifei,9135
221,liuyifei,9135
222,liuyifei,9135
223,liuyifei,9135
224,liuyifei,9135
225,liuyifei,9135
226,liuyifei,9135
227,liuyifei,9135
228,liuyifei,9135
23,liuyifei,9135
230,liuyifei,9135
231,liuyifei,9135
232,liuyifei,9135
233,liuyifei,9135
234,liuyifei,9135
235,liuyifei,9135
236,liuyifei,9135
237,liuyifei,9135
238,liuyifei,9135
239,liuyifei,9135
24,liuyifei,9135
240,liuyifei,9135
241,liuyifei,9135
242,liuyifei,9135
243,liuyifei,9135
244,liuyifei,9135
245,liuyifei,9135
246,liuyifei,9135
247,liuyifei,9135
248,liuyifei,9135
249,liuyifei,9135
25,liuyifei,9135
250,liuyifei,9135
251,liuyifei,9135
252,liuyifei,9135
253,liuyifei,9135
254,liuyifei,9135
255,liuyifei,9135
256,liuyifei,9135
257,liuyifei,9135
258,liuyifei,9135
259,liuyifei,9135
26,liuyifei,9135
260,liuyifei,9135
261,liuyifei,9135
262,liuyifei,9135
263,liuyifei,9135
264,liuyifei,9135
265,liuyifei,9135
266,liuyifei,9135
27,liuyifei,9135
28,liuyifei,9135
29,liuyifei,9135
3,liuyifei,9135
30,liuyifei,9135
31,liuyifei,9135
32,liuyifei,9135
33,liuyifei,9135
34,liuyifei,9135
35,liuyifei,9135
36,liuyifei,9135
37,liuyifei,9135
37e3d352-ea48-11e9-a56b-b025aa21b04b,liuyifei,9135
38,liuyifei,9135
38ea6de2-ea48-11e9-9884-b025aa21b04b,liuyifei,9135
39,liuyifei,9135
39281322-ea48-11e9-9ff7-b025aa21b04b,liuyifei,9135
39efcff0-ea48-11e9-a43f-b025aa21b04b,liuyifei,9135
3bbe9c80-ea48-11e9-8734-b025aa21b04b,liuyifei,9135
3cddc822-ea48-11e9-8371-b025aa21b04b,liuyifei,9135
3e5fad30-ea48-11e9-9ffd-b025aa21b04b,liuyifei,9135
3ed1f700-ea48-11e9-b451-b025aa21b04b,liuyifei,9135
3f05b130-ea48-11e9-9b21-b025aa21b04b,liuyifei,9135
3f9483b0-ea48-11e9-8612-b025aa21b04b,liuyifei,9135
4,liuyifei,9135
40,liuyifei,9135
4038da00-ea48-11e9-8d93-b025aa21b04b,liuyifei,9135
405ed892-ea48-11e9-8fcd-b025aa21b04b,liuyifei,9135
40948e92-ea48-11e9-bc1a-b025aa21b04b,liuyifei,9135
40f461d2-ea48-11e9-97c6-b025aa21b04b,liuyifei,9135
41,liuyifei,9135
4115f392-ea48-11e9-a774-b025aa21b04b,liuyifei,9135
42,liuyifei,9135
4221be40-ea48-11e9-858e-b025aa21b04b,liuyifei,9135
43,liuyifei,9135
439c5052-ea48-11e9-b4d3-b025aa21b04b,liuyifei,9135
44,liuyifei,9135
447bb3d2-ea48-11e9-8d4a-b025aa21b04b,liuyifei,9135
45,liuyifei,9135
46,liuyifei,9135
47,liuyifei,9135
48,liuyifei,9135
49,liuyifei,9135
5,liuyifei,9135
50,liuyifei,9135
51,liuyifei,9135
52,liuyifei,9135
53,liuyifei,9135
54,liuyifei,9135
55,liuyifei,9135
56,liuyifei,9135
57,liuyifei,9135
58,liuyifei,9135
59,liuyifei,9135
6,liuyifei,9135
60,liuyifei,9135
61,liuyifei,9135
62,liuyifei,9135
63,liuyifei,9135
64,liuyifei,9135
65,liuyifei,9135
66,liuyifei,9135
69,liuyifei,9135
6ac7c792-ea48-11e9-9978-b025aa21b04b - 副本,liuyifei,9135
7,liuyifei,9135
70,liuyifei,9135
71,liuyifei,9135
72,liuyifei,9135
73,liuyifei,9135
74,liuyifei,9135
75,liuyifei,9135
76,liuyifei,9135
77,liuyifei,9135
78,liuyifei,9135
79,liuyifei,9135
8,liuyifei,9135
80,liuyifei,9135
81,liuyifei,9135
82,liuyifei,9135
83,liuyifei,9135
85,liuyifei,9135
86,liuyifei,9135
87,liuyifei,9135
88,liuyifei,9135
89,liuyifei,9135
9,liuyifei,9135
90,liuyifei,9135
91,liuyifei,9135
92,liuyifei,9135
93,liuyifei,9135
94,liuyifei,9135
95,liuyifei,9135
96,liuyifei,9135
97,liuyifei,9135
98,liuyifei,9135
99,liuyifei,9135
1,pengyuyan,9136
10,pengyuyan,9136
100,pengyuyan,9136
103,pengyuyan,9136
106,pengyuyan,9136
107,pengyuyan,9136
109,pengyuyan,9136
11,pengyuyan,9136
110,pengyuyan,9136
112,pengyuyan,9136
114,pengyuyan,9136
12,pengyuyan,9136
13,pengyuyan,9136
14,pengyuyan,9136
15,pengyuyan,9136
16,pengyuyan,9136
17,pengyuyan,9136
18,pengyuyan,9136
19,pengyuyan,9136
2,pengyuyan,9136
20,pengyuyan,9136
21,pengyuyan,9136
22,pengyuyan,9136
23,pengyuyan,9136
24,pengyuyan,9136
25,pengyuyan,9136
26,pengyuyan,9136
27,pengyuyan,9136
28,pengyuyan,9136
29,pengyuyan,9136
3,pengyuyan,9136
30,pengyuyan,9136
31,pengyuyan,9136
32,pengyuyan,9136
33,pengyuyan,9136
34,pengyuyan,9136
35,pengyuyan,9136
36,pengyuyan,9136
37,pengyuyan,9136
38,pengyuyan,9136
39,pengyuyan,9136
4,pengyuyan,9136
41,pengyuyan,9136
42,pengyuyan,9136
43,pengyuyan,9136
44,pengyuyan,9136
45,pengyuyan,9136
46,pengyuyan,9136
47,pengyuyan,9136
48,pengyuyan,9136
49,pengyuyan,9136
5,pengyuyan,9136
50,pengyuyan,9136
51,pengyuyan,9136
52,pengyuyan,9136
53,pengyuyan,9136
54,pengyuyan,9136
55,pengyuyan,9136
56,pengyuyan,9136
57,pengyuyan,9136
58,pengyuyan,9136
59,pengyuyan,9136
6,pengyuyan,9136
60,pengyuyan,9136
61,pengyuyan,9136
62,pengyuyan,9136
63,pengyuyan,9136
64,pengyuyan,9136
65,pengyuyan,9136
66,pengyuyan,9136
67,pengyuyan,9136
68,pengyuyan,9136
69,pengyuyan,9136
7,pengyuyan,9136
70,pengyuyan,9136
71,pengyuyan,9136
72,pengyuyan,9136
73,pengyuyan,9136
74,pengyuyan,9136
76,pengyuyan,9136
77,pengyuyan,9136
78,pengyuyan,9136
8,pengyuyan,9136
81,pengyuyan,9136
84,pengyuyan,9136
86,pengyuyan,9136
87,pengyuyan,9136
89,pengyuyan,9136
9,pengyuyan,9136
90,pengyuyan,9136
91,pengyuyan,9136
93,pengyuyan,9136
96,pengyuyan,9136
97,pengyuyan,9136
037925c0-ea4d-11e9-b961-b025aa21b04b,yuwenle,9137
05908980-ea4c-11e9-bad5-b025aa21b04b,yuwenle,9137
0a128f30-ea4c-11e9-8a94-b025aa21b04b,yuwenle,9137
1138a840-ea4b-11e9-b8fb-b025aa21b04b,yuwenle,9137
13af74a2-ea4b-11e9-8a9a-b025aa21b04b,yuwenle,9137
17e03092-ea4c-11e9-8a9a-b025aa21b04b,yuwenle,9137
180592e2-ea4c-11e9-91d6-b025aa21b04b,yuwenle,9137
18c0e912-ea4b-11e9-a653-b025aa21b04b,yuwenle,9137
18ef4c12-ea4b-11e9-a8ef-b025aa21b04b,yuwenle,9137
198e07a2-ea4c-11e9-8143-b025aa21b04b,yuwenle,9137
19c1b740-ea4b-11e9-81e4-b025aa21b04b,yuwenle,9137
19e1e970-ea4b-11e9-a742-b025aa21b04b,yuwenle,9137
1a129662-ea4b-11e9-91bc-b025aa21b04b,yuwenle,9137
1a6f3552-ea4b-11e9-a194-b025aa21b04b,yuwenle,9137
1a8380a2-ea4b-11e9-98f8-b025aa21b04b,yuwenle,9137
1a89ccc0-ea4c-11e9-9cb4-b025aa21b04b,yuwenle,9137
1aab2ce2-ea4b-11e9-a95d-b025aa21b04b,yuwenle,9137
1ad91ab0-ea4b-11e9-beb7-b025aa21b04b,yuwenle,9137
1afa5e52-ea4b-11e9-83e8-b025aa21b04b,yuwenle,9137
1b1f2462-ea4b-11e9-9075-b025aa21b04b,yuwenle,9137
1bb15240-ea4b-11e9-88f8-b025aa21b04b,yuwenle,9137
1cde87a2-ea4b-11e9-b057-b025aa21b04b,yuwenle,9137
1d866062-ea4b-11e9-9178-b025aa21b04b,yuwenle,9137
1de26da2-ea4c-11e9-9d45-b025aa21b04b,yuwenle,9137
1ee0c040-ea4b-11e9-ae46-b025aa21b04b,yuwenle,9137
1f0f54e2-ea4c-11e9-89ea-b025aa21b04b,yuwenle,9137
1f69c662-ea4b-11e9-b1d9-b025aa21b04b,yuwenle,9137
1f882e62-ea4c-11e9-9da4-b025aa21b04b,yuwenle,9137
20ce42f0-ea4c-11e9-b686-b025aa21b04b,yuwenle,9137
21445d52-ea4c-11e9-9522-b025aa21b04b,yuwenle,9137
21947922-ea4c-11e9-9e12-b025aa21b04b,yuwenle,9137
24f02740-ea4c-11e9-8bd6-b025aa21b04b,yuwenle,9137
257758a2-ea4c-11e9-8db0-b025aa21b04b,yuwenle,9137
2691f062-ea4c-11e9-8089-b025aa21b04b,yuwenle,9137
2a0dd0b0-ea4c-11e9-9c8d-b025aa21b04b,yuwenle,9137
2f524692-ea4d-11e9-b5fa-b025aa21b04b,yuwenle,9137
3c50ea12-ea4b-11e9-9dc3-b025aa21b04b,yuwenle,9137
3e2cd600-ea4b-11e9-82c5-b025aa21b04b,yuwenle,9137
41451280-ea4b-11e9-a1b9-b025aa21b04b,yuwenle,9137
43018f92-ea4b-11e9-8e33-b025aa21b04b,yuwenle,9137
58a54e30-ea4c-11e9-a80b-b025aa21b04b,yuwenle,9137
66ed9dd2-ea4c-11e9-b7f0-b025aa21b04b,yuwenle,9137
67ba63b0-ea4c-11e9-996b-b025aa21b04b,yuwenle,9137
686f34c0-ea4c-11e9-9d2d-b025aa21b04b,yuwenle,9137
68b8abc0-ea4a-11e9-93af-b025aa21b04b,yuwenle,9137
6bb278e2-ea4c-11e9-a922-b025aa21b04b,yuwenle,9137
6bf83470-ea4c-11e9-9031-b025aa21b04b,yuwenle,9137
6ecf4940-ea4c-11e9-98f4-b025aa21b04b,yuwenle,9137
6f2be830-ea4c-11e9-b176-b025aa21b04b,yuwenle,9137
702cdd70-ea4c-11e9-aa14-b025aa21b04b,yuwenle,9137
75641440-ea4a-11e9-ba7a-b025aa21b04b,yuwenle,9137
75b6ef30-ea4a-11e9-9938-b025aa21b04b,yuwenle,9137
7658fb92-ea4a-11e9-9ec7-b025aa21b04b,yuwenle,9137
767ab462-ea4a-11e9-81f5-b025aa21b04b,yuwenle,9137
76df30a2-ea4c-11e9-b563-b025aa21b04b,yuwenle,9137
776131e2-ea4c-11e9-bd25-b025aa21b04b,yuwenle,9137
77a13300-ea4a-11e9-bca5-b025aa21b04b,yuwenle,9137
78623912-ea4a-11e9-8a5d-b025aa21b04b,yuwenle,9137
788fd8c0-ea4a-11e9-9480-b025aa21b04b,yuwenle,9137
78ae5d40-ea4a-11e9-8ab5-b025aa21b04b,yuwenle,9137
7a9051c0-ea4c-11e9-8e48-b025aa21b04b,yuwenle,9137
82012f70-ea4b-11e9-a1af-b025aa21b04b,yuwenle,9137
84b3cc52-ea4b-11e9-8fde-b025aa21b04b,yuwenle,9137
85734130-ea4a-11e9-8903-b025aa21b04b,yuwenle,9137
8622e222-ea4a-11e9-bc57-b025aa21b04b,yuwenle,9137
865cdde2-ea4a-11e9-86f5-b025aa21b04b,yuwenle,9137
88b17c40-ea4a-11e9-9860-b025aa21b04b,yuwenle,9137
89ccec70-ea4c-11e9-ac79-b025aa21b04b,yuwenle,9137
8a18e992-ea4c-11e9-b630-b025aa21b04b,yuwenle,9137
8b8535b0-ea4a-11e9-bd0c-b025aa21b04b,yuwenle,9137
8bfa7040-ea4b-11e9-99ce-b025aa21b04b,yuwenle,9137
8c315430-ea4a-11e9-8626-b025aa21b04b,yuwenle,9137
8c9fb0f0-ea4b-11e9-92cc-b025aa21b04b,yuwenle,9137
8cc428e2-ea4b-11e9-8b2e-b025aa21b04b,yuwenle,9137
8d172052-ea4a-11e9-9a2f-b025aa21b04b,yuwenle,9137
8d6603a2-ea4a-11e9-8ab4-b025aa21b04b,yuwenle,9137
8d8d88d2-ea4a-11e9-ba33-b025aa21b04b,yuwenle,9137
8ddb1722-ea4b-11e9-86f6-b025aa21b04b,yuwenle,9137
8dfd6c30-ea4b-11e9-b07a-b025aa21b04b,yuwenle,9137
8e1e3aa2-ea4b-11e9-8df6-b025aa21b04b,yuwenle,9137
8ea1e992-ea4b-11e9-8318-b025aa21b04b,yuwenle,9137
8ef4c480-ea4b-11e9-a8e9-b025aa21b04b,yuwenle,9137
8f3fe1d2-ea4c-11e9-a5a6-b025aa21b04b,yuwenle,9137
927538b0-ea4b-11e9-aaca-b025aa21b04b,yuwenle,9137
92dbe9c0-ea4b-11e9-b58e-b025aa21b04b,yuwenle,9137
93e0af92-ea4b-11e9-8e68-b025aa21b04b,yuwenle,9137
a21417a2-ea4b-11e9-bdb7-b025aa21b04b,yuwenle,9137
a2411b12-ea4b-11e9-a8ba-b025aa21b04b,yuwenle,9137
a4ee39b0-ea4b-11e9-82bb-b025aa21b04b,yuwenle,9137
a61c0b52-ea4b-11e9-a575-b025aa21b04b,yuwenle,9137
a74899e2-ea4a-11e9-957a-b025aa21b04b,yuwenle,9137
a7e3a162-ea4a-11e9-9ed4-b025aa21b04b,yuwenle,9137
a8454962-ea4a-11e9-8393-b025aa21b04b,yuwenle,9137
a9c7a3a2-ea4a-11e9-9429-b025aa21b04b,yuwenle,9137
aa9c7fd2-ea4a-11e9-9e8e-b025aa21b04b,yuwenle,9137
adbbfd62-ea4c-11e9-82bd-b025aa21b04b,yuwenle,9137
ade198b0-ea4a-11e9-910a-b025aa21b04b,yuwenle,9137
b47c01a2-ea4b-11e9-bce2-b025aa21b04b,yuwenle,9137
b5c79470-ea4b-11e9-95fb-b025aa21b04b,yuwenle,9137
ba8c2bf0-ea4c-11e9-bc81-b025aa21b04b,yuwenle,9137
beaea1f0-ea4b-11e9-8529-b025aa21b04b,yuwenle,9137
c0474352-ea4b-11e9-af8a-b025aa21b04b,yuwenle,9137
c10a1e22-ea4b-11e9-92f3-b025aa21b04b,yuwenle,9137
c263ec52-ea4c-11e9-a673-b025aa21b04b,yuwenle,9137
c2970a40-ea4c-11e9-be43-b025aa21b04b,yuwenle,9137
c5480b62-ea4a-11e9-b908-b025aa21b04b,yuwenle,9137
c6b45022-ea4b-11e9-858e-b025aa21b04b,yuwenle,9137
ca03e5c0-ea4a-11e9-a562-b025aa21b04b,yuwenle,9137
ca6682b0-ea4b-11e9-8194-b025aa21b04b,yuwenle,9137
ccb30ac0-ea4b-11e9-ab97-b025aa21b04b,yuwenle,9137
df4a9040-ea4b-11e9-b30e-b025aa21b04b,yuwenle,9137
e12fd592-ea4c-11e9-9e0a-b025aa21b04b,yuwenle,9137
e2d2a592-ea4b-11e9-8267-b025aa21b04b,yuwenle,9137
e8187070-ea4b-11e9-ade7-b025aa21b04b,yuwenle,9137
e8df42e2-ea4b-11e9-9ffc-b025aa21b04b,yuwenle,9137
eacfef52-ea4b-11e9-bc82-b025aa21b04b,yuwenle,9137
f2432c12-ea4c-11e9-aad1-b025aa21b04b,yuwenle,9137
f374f552-ea4c-11e9-94d2-b025aa21b04b,yuwenle,9137
f41ba780-ea4a-11e9-922f-b025aa21b04b,yuwenle,9137
f57ae962-ea4a-11e9-b6a5-b025aa21b04b,yuwenle,9137
f6354dd2-ea4c-11e9-a8bd-b025aa21b04b,yuwenle,9137
f64e7b22-ea4c-11e9-8d61-b025aa21b04b,yuwenle,9137
f78b79e2-ea4a-11e9-9cc9-b025aa21b04b,yuwenle,9137
1,zhangziyi,9138
10,zhangziyi,9138
100,zhangziyi,9138
11,zhangziyi,9138
12,zhangziyi,9138
13,zhangziyi,9138
14,zhangziyi,9138
15,zhangziyi,9138
16,zhangziyi,9138
17,zhangziyi,9138
18,zhangziyi,9138
19,zhangziyi,9138
2,zhangziyi,9138
20,zhangziyi,9138
21,zhangziyi,9138
22,zhangziyi,9138
24,zhangziyi,9138
25,zhangziyi,9138
26,zhangziyi,9138
27,zhangziyi,9138
28,zhangziyi,9138
29,zhangziyi,9138
3,zhangziyi,9138
31,zhangziyi,9138
32,zhangziyi,9138
33,zhangziyi,9138
34,zhangziyi,9138
35,zhangziyi,9138
36,zhangziyi,9138
37,zhangziyi,9138
38,zhangziyi,9138
39,zhangziyi,9138
4,zhangziyi,9138
40,zhangziyi,9138
41,zhangziyi,9138
42,zhangziyi,9138
43,zhangziyi,9138
44,zhangziyi,9138
45,zhangziyi,9138
46,zhangziyi,9138
47,zhangziyi,9138
48,zhangziyi,9138
49,zhangziyi,9138
5,zhangziyi,9138
50,zhangziyi,9138
51,zhangziyi,9138
52,zhangziyi,9138
53,zhangziyi,9138
54,zhangziyi,9138
55,zhangziyi,9138
56,zhangziyi,9138
57,zhangziyi,9138
58,zhangziyi,9138
59,zhangziyi,9138
6,zhangziyi,9138
60,zhangziyi,9138
61,zhangziyi,9138
62,zhangziyi,9138
63,zhangziyi,9138
64,zhangziyi,9138
65,zhangziyi,9138
66,zhangziyi,9138
67,zhangziyi,9138
68,zhangziyi,9138
69,zhangziyi,9138
7,zhangziyi,9138
70,zhangziyi,9138
71,zhangziyi,9138
72,zhangziyi,9138
74,zhangziyi,9138
75,zhangziyi,9138
76,zhangziyi,9138
77,zhangziyi,9138
78,zhangziyi,9138
8,zhangziyi,9138
80,zhangziyi,9138
81,zhangziyi,9138
82,zhangziyi,9138
83,zhangziyi,9138
84,zhangziyi,9138
85,zhangziyi,9138
86,zhangziyi,9138
87,zhangziyi,9138
88,zhangziyi,9138
89,zhangziyi,9138
9,zhangziyi,9138
90,zhangziyi,9138
91,zhangziyi,9138
92,zhangziyi,9138
93,zhangziyi,9138
94,zhangziyi,9138
95,zhangziyi,9138
96,zhangziyi,9138
97,zhangziyi,9138
98,zhangziyi,9138
99,zhangziyi,9138
000f6ab0-ea49-11e9-a6ff-b025aa21b04b,zhoudongyu,9139
003329e2-ea4a-11e9-99d5-b025aa21b04b,zhoudongyu,9139
00476aa2-ea49-11e9-8718-b025aa21b04b,zhoudongyu,9139
015928c0-ea49-11e9-9ade-b025aa21b04b,zhoudongyu,9139
03ae3c52-ea49-11e9-be72-b025aa21b04b,zhoudongyu,9139
072e8970-ea49-11e9-a92b-b025aa21b04b,zhoudongyu,9139
076047d2-ea49-11e9-892a-b025aa21b04b,zhoudongyu,9139
07baeaf0-ea49-11e9-9bfb-b025aa21b04b,zhoudongyu,9139
0a585222-ea49-11e9-8c54-b025aa21b04b,zhoudongyu,9139
0abba7d2-ea49-11e9-9626-b025aa21b04b,zhoudongyu,9139
0af26f40-ea49-11e9-a72c-b025aa21b04b,zhoudongyu,9139
0b378e92-ea49-11e9-b750-b025aa21b04b,zhoudongyu,9139
0b908400-ea49-11e9-9902-b025aa21b04b,zhoudongyu,9139
0c91a052-ea49-11e9-b256-b025aa21b04b,zhoudongyu,9139
0dc8e7d2-ea49-11e9-ae98-b025aa21b04b,zhoudongyu,9139
0e1a1fa2-ea4a-11e9-acfd-b025aa21b04b,zhoudongyu,9139
0eb124f0-ea49-11e9-9c47-b025aa21b04b,zhoudongyu,9139
0ec919c0-ea49-11e9-9b09-b025aa21b04b,zhoudongyu,9139
0f315170-ea49-11e9-a3a2-b025aa21b04b,zhoudongyu,9139
0f5362f0-ea4a-11e9-8b49-b025aa21b04b,zhoudongyu,9139
1c05c5c0-ea49-11e9-aa11-b025aa21b04b,zhoudongyu,9139
1c551e40-ea49-11e9-85bf-b025aa21b04b,zhoudongyu,9139
1cb05da2-ea49-11e9-a6c2-b025aa21b04b,zhoudongyu,9139
1d295e30-ea49-11e9-aeae-b025aa21b04b,zhoudongyu,9139
1d9b80f0-ea49-11e9-bc90-b025aa21b04b,zhoudongyu,9139
1dbdaef0-ea49-11e9-9f74-b025aa21b04b,zhoudongyu,9139
1df14212-ea49-11e9-8fb0-b025aa21b04b,zhoudongyu,9139
1e507912-ea49-11e9-9625-b025aa21b04b,zhoudongyu,9139
1eb33280-ea49-11e9-9eed-b025aa21b04b,zhoudongyu,9139
1ee14762-ea49-11e9-8a90-b025aa21b04b,zhoudongyu,9139
1f31ff70-ea49-11e9-9de1-b025aa21b04b,zhoudongyu,9139
28e2f730-ea4a-11e9-bc18-b025aa21b04b,zhoudongyu,9139
29c6a070-ea4a-11e9-b464-b025aa21b04b,zhoudongyu,9139
2a17cdb0-ea4a-11e9-92a5-b025aa21b04b,zhoudongyu,9139
2abc2400-ea4a-11e9-b672-b025aa21b04b,zhoudongyu,9139
2b3e9a70-ea4a-11e9-b67d-b025aa21b04b,zhoudongyu,9139
2bbe51c0-ea4a-11e9-8319-b025aa21b04b,zhoudongyu,9139
2c28d362-ea4a-11e9-b866-b025aa21b04b,zhoudongyu,9139
2e0e5c40-ea4a-11e9-b8ca-b025aa21b04b,zhoudongyu,9139
2e359352-ea4a-11e9-80e2-b025aa21b04b,zhoudongyu,9139
2f52ea30-ea4a-11e9-b61c-b025aa21b04b,zhoudongyu,9139
32f4a200-ea4a-11e9-a3de-b025aa21b04b,zhoudongyu,9139
34bf9e00-ea4a-11e9-9df2-b025aa21b04b,zhoudongyu,9139
35a0d640-ea4a-11e9-95f3-b025aa21b04b,zhoudongyu,9139
37dedf62-ea4a-11e9-82cb-b025aa21b04b,zhoudongyu,9139
38149562-ea4a-11e9-9ccb-b025aa21b04b,zhoudongyu,9139
39161c52-ea49-11e9-a317-b025aa21b04b,zhoudongyu,9139
3942aa92-ea49-11e9-a17f-b025aa21b04b,zhoudongyu,9139
398076e2-ea49-11e9-b1c8-b025aa21b04b,zhoudongyu,9139
39b28df0-ea4a-11e9-96c0-b025aa21b04b,zhoudongyu,9139
39de4e52-ea49-11e9-aaf9-b025aa21b04b,zhoudongyu,9139
3a1a6cf0-ea49-11e9-8df6-b025aa21b04b,zhoudongyu,9139
3a50c9c0-ea4a-11e9-b33a-b025aa21b04b,zhoudongyu,9139
3ac022d2-ea49-11e9-a361-b025aa21b04b,zhoudongyu,9139
3b0106f0-ea4a-11e9-982c-b025aa21b04b,zhoudongyu,9139
3b14ab70-ea49-11e9-b8ea-b025aa21b04b,zhoudongyu,9139
3b8e2bc0-ea4a-11e9-bedf-b025aa21b04b,zhoudongyu,9139
3baf8be2-ea49-11e9-b1cb-b025aa21b04b,zhoudongyu,9139
3c065e70-ea49-11e9-8a7b-b025aa21b04b,zhoudongyu,9139
3c6b13b0-ea49-11e9-8ca6-b025aa21b04b,zhoudongyu,9139
3dd64700-ea4a-11e9-97cd-b025aa21b04b,zhoudongyu,9139
4baa29f0-ea4a-11e9-893e-b025aa21b04b,zhoudongyu,9139
4beb2a92-ea4a-11e9-a314-b025aa21b04b,zhoudongyu,9139
4e7c35b0-ea4a-11e9-be66-b025aa21b04b,zhoudongyu,9139
4f3c0340-ea4a-11e9-81ec-b025aa21b04b,zhoudongyu,9139
565cec30-ea49-11e9-9049-b025aa21b04b,zhoudongyu,9139
569ab880-ea49-11e9-8155-b025aa21b04b,zhoudongyu,9139
581b16f0-ea49-11e9-a278-b025aa21b04b,zhoudongyu,9139
5e0bd262-ea4a-11e9-a1fb-b025aa21b04b,zhoudongyu,9139
5e47a2e2-ea4a-11e9-939d-b025aa21b04b,zhoudongyu,9139
5f5e6a12-ea4a-11e9-a4c2-b025aa21b04b,zhoudongyu,9139
5ffaaa12-ea4a-11e9-916e-b025aa21b04b,zhoudongyu,9139
64145100-ea4a-11e9-8a75-b025aa21b04b,zhoudongyu,9139
644991d2-ea4a-11e9-a4aa-b025aa21b04b,zhoudongyu,9139
656334a2-ea49-11e9-8a46-b025aa21b04b,zhoudongyu,9139
6600ad22-ea49-11e9-96fa-b025aa21b04b,zhoudongyu,9139
667b5b62-ea49-11e9-8a86-b025aa21b04b,zhoudongyu,9139
66c44b40-ea49-11e9-8d27-b025aa21b04b,zhoudongyu,9139
6737f4a2-ea49-11e9-ac3b-b025aa21b04b,zhoudongyu,9139
67f74d00-ea49-11e9-a5ba-b025aa21b04b,zhoudongyu,9139
684482a2-ea49-11e9-8be3-b025aa21b04b,zhoudongyu,9139
690dc612-ea49-11e9-95d3-b025aa21b04b,zhoudongyu,9139
6a13eb70-ea49-11e9-bde1-b025aa21b04b,zhoudongyu,9139
6a4ef8a2-ea49-11e9-82b7-b025aa21b04b,zhoudongyu,9139
6a929152-ea49-11e9-a572-b025aa21b04b,zhoudongyu,9139
6b0884a2-ea49-11e9-8bd0-b025aa21b04b,zhoudongyu,9139
6b4d2ec0-ea49-11e9-82b2-b025aa21b04b,zhoudongyu,9139
6d1a9bc0-ea49-11e9-92cc-b025aa21b04b,zhoudongyu,9139
6d538612-ea49-11e9-a4c8-b025aa21b04b,zhoudongyu,9139
6df2ac40-ea49-11e9-a70c-b025aa21b04b,zhoudongyu,9139
6ef8aa92-ea49-11e9-8c43-b025aa21b04b,zhoudongyu,9139
71bf92c0-ea49-11e9-b846-b025aa21b04b,zhoudongyu,9139
7e6974a2-ea49-11e9-8578-b025aa21b04b,zhoudongyu,9139
7ecd3f80-ea49-11e9-a9de-b025aa21b04b,zhoudongyu,9139
8b8ccc40-ea49-11e9-a8a5-b025aa21b04b,zhoudongyu,9139
8d38f5a2-ea49-11e9-8e85-b025aa21b04b,zhoudongyu,9139
9cc229b0-ea49-11e9-8f03-b025aa21b04b,zhoudongyu,9139
9d6f3292-ea49-11e9-8f17-b025aa21b04b,zhoudongyu,9139
9e46f4f0-ea49-11e9-895d-b025aa21b04b,zhoudongyu,9139
9ef7ce62-ea49-11e9-abde-b025aa21b04b,zhoudongyu,9139
a505cb40-ea49-11e9-9753-b025aa21b04b,zhoudongyu,9139
a726d680-ea49-11e9-8535-b025aa21b04b,zhoudongyu,9139
a7ad1d80-ea49-11e9-ba3c-b025aa21b04b,zhoudongyu,9139
a81e55e2-ea49-11e9-9e00-b025aa21b04b,zhoudongyu,9139
a8e4b322-ea49-11e9-bbe2-b025aa21b04b,zhoudongyu,9139
aacb9b92-ea49-11e9-a26f-b025aa21b04b,zhoudongyu,9139
abb4c312-ea49-11e9-a479-b025aa21b04b,zhoudongyu,9139
ad1e8c40-ea49-11e9-9640-b025aa21b04b,zhoudongyu,9139
ad79a492-ea49-11e9-be99-b025aa21b04b,zhoudongyu,9139
ae399930-ea49-11e9-8af8-b025aa21b04b,zhoudongyu,9139
bcae7712-ea49-11e9-b182-b025aa21b04b,zhoudongyu,9139
c0c70c92-ea49-11e9-8262-b025aa21b04b,zhoudongyu,9139
c2fab570-ea49-11e9-84d9-b025aa21b04b,zhoudongyu,9139
c76eb162-ea49-11e9-a2e8-b025aa21b04b,zhoudongyu,9139
c7c07ae2-ea49-11e9-aa26-b025aa21b04b,zhoudongyu,9139
c86f3170-ea49-11e9-94f5-b025aa21b04b,zhoudongyu,9139
c8cb5b30-ea49-11e9-a06a-b025aa21b04b,zhoudongyu,9139
c94ee312-ea49-11e9-a2e9-b025aa21b04b,zhoudongyu,9139
ca457812-ea49-11e9-a6b9-b025aa21b04b,zhoudongyu,9139
cafe8ee2-ea49-11e9-8558-b025aa21b04b,zhoudongyu,9139
cb8c9e12-ea49-11e9-9463-b025aa21b04b,zhoudongyu,9139
cd084192-ea49-11e9-8b24-b025aa21b04b,zhoudongyu,9139
cd417a00-ea49-11e9-bce1-b025aa21b04b,zhoudongyu,9139
d0083b22-ea49-11e9-8c8b-b025aa21b04b,zhoudongyu,9139
d1c79e62-ea49-11e9-ae46-b025aa21b04b,zhoudongyu,9139
d43f5522-ea49-11e9-9ba5-b025aa21b04b,zhoudongyu,9139
d49b7ee2-ea49-11e9-aebf-b025aa21b04b,zhoudongyu,9139
d7170630-ea49-11e9-94a1-b025aa21b04b,zhoudongyu,9139
d87a18a2-ea49-11e9-a17f-b025aa21b04b,zhoudongyu,9139
da2aa440-ea48-11e9-b650-b025aa21b04b,zhoudongyu,9139
da814fc0-ea48-11e9-88d6-b025aa21b04b,zhoudongyu,9139
dace1030-ea48-11e9-9216-b025aa21b04b,zhoudongyu,9139
db2c0eb0-ea48-11e9-a71c-b025aa21b04b,zhoudongyu,9139
db528d00-ea49-11e9-a66c-b025aa21b04b,zhoudongyu,9139
db612870-ea48-11e9-939c-b025aa21b04b,zhoudongyu,9139
db8922d2-ea48-11e9-93fb-b025aa21b04b,zhoudongyu,9139
dbd287e2-ea48-11e9-918e-b025aa21b04b,zhoudongyu,9139
dc4b6162-ea48-11e9-bcfd-b025aa21b04b,zhoudongyu,9139
dcbd5d12-ea48-11e9-b766-b025aa21b04b,zhoudongyu,9139
dcf58412-ea48-11e9-b528-b025aa21b04b,zhoudongyu,9139
dd0896e2-ea48-11e9-a877-b025aa21b04b,zhoudongyu,9139
dd3ced52-ea48-11e9-aa81-b025aa21b04b,zhoudongyu,9139
dd654062-ea49-11e9-8909-b025aa21b04b,zhoudongyu,9139
dd921230-ea48-11e9-b0f0-b025aa21b04b,zhoudongyu,9139
ddc5afe2-ea49-11e9-9db1-b025aa21b04b,zhoudongyu,9139
ddfd5722-ea48-11e9-9a87-b025aa21b04b,zhoudongyu,9139
de714ea2-ea48-11e9-ac65-b025aa21b04b,zhoudongyu,9139
de7c0792-ea49-11e9-83de-b025aa21b04b,zhoudongyu,9139
e04a8600-ea49-11e9-b893-b025aa21b04b,zhoudongyu,9139
e1117f80-ea49-11e9-b12b-b025aa21b04b,zhoudongyu,9139
e367a480-ea49-11e9-a6c3-b025aa21b04b,zhoudongyu,9139
e3f64ff0-ea49-11e9-9681-b025aa21b04b,zhoudongyu,9139
e4b64492-ea49-11e9-a470-b025aa21b04b,zhoudongyu,9139
e7ac7a22-ea49-11e9-9079-b025aa21b04b,zhoudongyu,9139
e7f717b0-ea49-11e9-b1d7-b025aa21b04b,zhoudongyu,9139
e8f770b0-ea49-11e9-a0f4-b025aa21b04b,zhoudongyu,9139
ea88bf12-ea49-11e9-8e6f-b025aa21b04b,zhoudongyu,9139
eac15b40-ea49-11e9-9952-b025aa21b04b,zhoudongyu,9139
eb14f980-ea49-11e9-acd4-b025aa21b04b,zhoudongyu,9139
eba811c0-ea49-11e9-a7cc-b025aa21b04b,zhoudongyu,9139
eca9ca52-ea49-11e9-aabf-b025aa21b04b,zhoudongyu,9139
ed4212b0-ea49-11e9-a7ee-b025aa21b04b,zhoudongyu,9139
f1b2b340-ea49-11e9-a3e0-b025aa21b04b,zhoudongyu,9139
f2d895a2-ea49-11e9-8f54-b025aa21b04b,zhoudongyu,9139
f3685280-ea49-11e9-acd4-b025aa21b04b,zhoudongyu,9139
f3d80440-ea49-11e9-a538-b025aa21b04b,zhoudongyu,9139
f8babd00-ea48-11e9-b1be-b025aa21b04b,zhoudongyu,9139
f9881f22-ea48-11e9-98da-b025aa21b04b,zhoudongyu,9139
ff0a1330-ea49-11e9-832e-b025aa21b04b,zhoudongyu,9139
04ca7300-ea4f-11e9-9439-b025aa21b04b,zhoujielun,9140
063d9592-ea50-11e9-b2a7-b025aa21b04b,zhoujielun,9140
09a626e2-ea4e-11e9-bf87-b025aa21b04b,zhoujielun,9140
09df5f52-ea4e-11e9-93c5-b025aa21b04b,zhoujielun,9140
0b374e30-ea4e-11e9-b92e-b025aa21b04b,zhoujielun,9140
14f337e2-ea4e-11e9-9e4b-b025aa21b04b,zhoujielun,9140
14fce9f0-ea50-11e9-8476-b025aa21b04b,zhoujielun,9140
155cbd30-ea50-11e9-b5e9-b025aa21b04b,zhoujielun,9140
158e3f62-ea4e-11e9-b59a-b025aa21b04b,zhoujielun,9140
1600ec70-ea50-11e9-ba32-b025aa21b04b,zhoujielun,9140
16126380-ea4e-11e9-a238-b025aa21b04b,zhoujielun,9140
166369b0-ea4e-11e9-a3e8-b025aa21b04b,zhoujielun,9140
170ec4e2-ea4e-11e9-848e-b025aa21b04b,zhoujielun,9140
19ba83f0-ea4e-11e9-bc4c-b025aa21b04b,zhoujielun,9140
1ca68052-ea4e-11e9-abc8-b025aa21b04b,zhoujielun,9140
1cc7eb00-ea4e-11e9-88cb-b025aa21b04b,zhoujielun,9140
1d383900-ea4e-11e9-ac40-b025aa21b04b,zhoujielun,9140
1db24b00-ea4e-11e9-b6f5-b025aa21b04b,zhoujielun,9140
1deeded2-ea4e-11e9-bb04-b025aa21b04b,zhoujielun,9140
1e737822-ea4e-11e9-8d93-b025aa21b04b,zhoujielun,9140
1eab5100-ea4e-11e9-b329-b025aa21b04b,zhoujielun,9140
1f086522-ea4e-11e9-91d1-b025aa21b04b,zhoujielun,9140
1f4fce62-ea4e-11e9-bc0a-b025aa21b04b,zhoujielun,9140
1fb3c052-ea4e-11e9-9f0e-b025aa21b04b,zhoujielun,9140
23bd3aa2-ea4e-11e9-9826-b025aa21b04b,zhoujielun,9140
245d4b30-ea4e-11e9-8ed1-b025aa21b04b,zhoujielun,9140
26168200-ea50-11e9-b74e-b025aa21b04b,zhoujielun,9140
2ccbfef0-ea4f-11e9-90fb-b025aa21b04b,zhoujielun,9140
2da98db0-ea4f-11e9-96a3-b025aa21b04b,zhoujielun,9140
2f83cbf0-ea4f-11e9-8618-b025aa21b04b,zhoujielun,9140
3187eb40-ea4d-11e9-a29c-b025aa21b04b,zhoujielun,9140
3302fd12-ea4e-11e9-b4a8-b025aa21b04b,zhoujielun,9140
35083100-ea50-11e9-9474-b025aa21b04b,zhoujielun,9140
3cd38ac0-ea4f-11e9-9f0b-b025aa21b04b,zhoujielun,9140
3d35a7f0-ea4f-11e9-b909-b025aa21b04b,zhoujielun,9140
3e11fe30-ea4f-11e9-a8f3-b025aa21b04b,zhoujielun,9140
3f1db3c0-ea4d-11e9-89e9-b025aa21b04b,zhoujielun,9140
3f5b9530-ea4f-11e9-bcf3-b025aa21b04b,zhoujielun,9140
3f6c48f0-ea4d-11e9-82e8-b025aa21b04b,zhoujielun,9140
4000c0c0-ea4d-11e9-b4cd-b025aa21b04b,zhoujielun,9140
4012b030-ea4f-11e9-bf53-b025aa21b04b,zhoujielun,9140
407d43c0-ea4d-11e9-a152-b025aa21b04b,zhoujielun,9140
408082a2-ea4e-11e9-a49e-b025aa21b04b,zhoujielun,9140
40be7600-ea4e-11e9-b92d-b025aa21b04b,zhoujielun,9140
41f070e2-ea4f-11e9-a176-b025aa21b04b,zhoujielun,9140
4205b880-ea4d-11e9-98c2-b025aa21b04b,zhoujielun,9140
4238eb92-ea4f-11e9-9c8f-b025aa21b04b,zhoujielun,9140
42eeb8f0-ea4d-11e9-843a-b025aa21b04b,zhoujielun,9140
4311f862-ea4d-11e9-a69a-b025aa21b04b,zhoujielun,9140
434eb340-ea4d-11e9-91e8-b025aa21b04b,zhoujielun,9140
43bfc492-ea4d-11e9-87e3-b025aa21b04b,zhoujielun,9140
43c298d2-ea4f-11e9-860b-b025aa21b04b,zhoujielun,9140
43ec04b0-ea4d-11e9-a4a3-b025aa21b04b,zhoujielun,9140
442bccd2-ea4d-11e9-9157-b025aa21b04b,zhoujielun,9140
44c8be30-ea4f-11e9-90da-b025aa21b04b,zhoujielun,9140
44d3cca2-ea4d-11e9-a477-b025aa21b04b,zhoujielun,9140
44f1dbf0-ea4d-11e9-b197-b025aa21b04b,zhoujielun,9140
45dd7470-ea4d-11e9-a92c-b025aa21b04b,zhoujielun,9140
45f987f0-ea4d-11e9-aa58-b025aa21b04b,zhoujielun,9140
45ff9080-ea4f-11e9-bc91-b025aa21b04b,zhoujielun,9140
473f4e62-ea4d-11e9-aaba-b025aa21b04b,zhoujielun,9140
52a1f852-ea4f-11e9-a16b-b025aa21b04b,zhoujielun,9140
592907b0-ea4d-11e9-8cfc-b025aa21b04b,zhoujielun,9140
597971a2-ea4d-11e9-8ebe-b025aa21b04b,zhoujielun,9140
59cd8512-ea4d-11e9-8d6f-b025aa21b04b,zhoujielun,9140
5aeab4e2-ea4d-11e9-8db2-b025aa21b04b,zhoujielun,9140
5aed5780-ea4e-11e9-bd80-b025aa21b04b,zhoujielun,9140
5b3f2100-ea4e-11e9-a3a1-b025aa21b04b,zhoujielun,9140
5ba83880-ea4d-11e9-b316-b025aa21b04b,zhoujielun,9140
5bc58f12-ea4e-11e9-bbb7-b025aa21b04b,zhoujielun,9140
5cd0da00-ea4d-11e9-957c-b025aa21b04b,zhoujielun,9140
5cecd100-ea4e-11e9-995b-b025aa21b04b,zhoujielun,9140
5da2f712-ea4d-11e9-964e-b025aa21b04b,zhoujielun,9140
5e74d092-ea4e-11e9-afed-b025aa21b04b,zhoujielun,9140
6157f352-ea4e-11e9-95fd-b025aa21b04b,zhoujielun,9140
6198a5d2-ea4e-11e9-9d1f-b025aa21b04b,zhoujielun,9140
62094c80-ea4f-11e9-b82d-b025aa21b04b,zhoujielun,9140
6369c6e2-ea4f-11e9-be14-b025aa21b04b,zhoujielun,9140
63e0f2b0-ea4f-11e9-9ce5-b025aa21b04b,zhoujielun,9140
6578f7d2-ea4f-11e9-b127-b025aa21b04b,zhoujielun,9140
65b40500-ea4f-11e9-840b-b025aa21b04b,zhoujielun,9140
77ea1b80-ea4d-11e9-9028-b025aa21b04b,zhoujielun,9140
79615230-ea4d-11e9-930f-b025aa21b04b,zhoujielun,9140
79885040-ea4f-11e9-aaaf-b025aa21b04b,zhoujielun,9140
7b8bb6d2-ea4e-11e9-b7fe-b025aa21b04b,zhoujielun,9140
86d995b0-ea4f-11e9-9458-b025aa21b04b,zhoujielun,9140
873cd640-ea4d-11e9-9588-b025aa21b04b,zhoujielun,9140
89867822-ea4d-11e9-af22-b025aa21b04b,zhoujielun,9140
89c6b570-ea4d-11e9-aa6c-b025aa21b04b,zhoujielun,9140
8a4c6030-ea4d-11e9-9b43-b025aa21b04b,zhoujielun,9140
8a754f80-ea4e-11e9-a874-b025aa21b04b,zhoujielun,9140
8a83d900-ea4f-11e9-8b73-b025aa21b04b,zhoujielun,9140
8b6152a2-ea4d-11e9-90bc-b025aa21b04b,zhoujielun,9140
8cdca800-ea4d-11e9-b524-b025aa21b04b,zhoujielun,9140
8d839662-ea4d-11e9-8114-b025aa21b04b,zhoujielun,9140
8f5cc330-ea4d-11e9-9ef7-b025aa21b04b,zhoujielun,9140
903a2ae2-ea4d-11e9-9f02-b025aa21b04b,zhoujielun,9140
916871b0-ea4d-11e9-8316-b025aa21b04b,zhoujielun,9140
91fa0352-ea4d-11e9-86cc-b025aa21b04b,zhoujielun,9140
929c0fb0-ea4d-11e9-95b3-b025aa21b04b,zhoujielun,9140
93927da2-ea4d-11e9-a944-b025aa21b04b,zhoujielun,9140
94306b52-ea4d-11e9-8670-b025aa21b04b,zhoujielun,9140
95168592-ea4d-11e9-8b2f-b025aa21b04b,zhoujielun,9140
98aed212-ea4e-11e9-92de-b025aa21b04b,zhoujielun,9140
a3afb452-ea4d-11e9-be5c-b025aa21b04b,zhoujielun,9140
d8fd6ab0-ea4f-11e9-9776-b025aa21b04b,zhoujielun,9140
e5654c70-ea4d-11e9-91b1-b025aa21b04b,zhoujielun,9140
e77ce1d2-ea4d-11e9-ac4e-b025aa21b04b,zhoujielun,9140
f3cd6e30-ea4f-11e9-86d7-b025aa21b04b,zhoujielun,9140
f42eef22-ea4f-11e9-8700-b025aa21b04b,zhoujielun,9140
f44d5e80-ea4d-11e9-85c5-b025aa21b04b,zhoujielun,9140
f4828d62-ea4f-11e9-9e3f-b025aa21b04b,zhoujielun,9140
f4f60522-ea4e-11e9-b997-b025aa21b04b,zhoujielun,9140
f5379770-ea4d-11e9-bc0f-b025aa21b04b,zhoujielun,9140
f62cd770-ea4e-11e9-9f4c-b025aa21b04b,zhoujielun,9140
f69c3b12-ea4e-11e9-91a6-b025aa21b04b,zhoujielun,9140
